55032,"2018-03-31 00:00:00","Crystal Palace",Liverpool,9826,8650,"2018-03-31 00:00:00",7.0,4.33,1.44,6.75,4.33,1.5,7.2,4.4,1.45,5.8,4.25,1.53,6.65,4.54,1.54,6.0,4.33,1.5,7.0,4.7,1.51,6.5,4.5,1.53
55052,"2018-04-14 00:00:00",Southampton,Chelsea,8466,8455,"2018-04-14 00:00:00",4.5,3.75,1.85,4.5,3.5,1.85,4.1,3.5,1.9,4.33,3.5,1.83,4.48,3.74,1.88,4.5,3.6,1.83,4.81,3.85,1.81,4.75,3.7,1.85
55062,"2018-04-07 00:00:00",Everton,Liverpool,8668,8650,"2018-04-07 00:00:00",4.2,3.75,1.9,4.1,3.6,1.9,4.1,3.5,1.9,4.0,3.5,1.87,4.25,3.71,1.94,4.2,3.6,1.91,3.78,3.39,2.17,4.3,3.7,1.93
55080,"2017-12-16 00:00:00",Watford,Huddersfield,9817,9796,"2017-12-18 00:00:00",1.8,3.75,5.0,1.72,3.7,5.0,1.75,3.7,4.7,1.75,3.5,4.75,1.79,3.78,5.08,1.8,3.5,5.0,1.73,3.83,5.5,1.75,3.8,5.25
55085,"2017-12-16 00:00:00",Chelsea,Southampton,8455,8466,"2017-12-18 00:00:00",1.39,5.0,9.0,1.36,5.0,8.5,1.4,4.8,7.5,1.4,4.6,8.5,1.41,5.1,8.78,1.36,5.0,9.0,1.4,5.09,9.0,1.36,5.0,10.0
55087,"2017-12-16 00:00:00",Brighton,Burnley,10204,8191,"2017-12-18 00:00:00",2.62,3.0,3.2,2.55,2.9,3.2,2.65,3.3,2.65,2.45,2.9,3.1,2.62,2.95,3.34,2.62,2.9,3.2,2.5,2.89,3.64,2.55,3.0,3.3
55093,"2018-02-10 00:00:00",Everton,"Crystal Palace",8668,9826,"2018-02-12 00:00:00",2.25,3.25,3.2,2.25,3.2,3.4,2.3,3.2,3.25,2.2,3.1,3.5,2.26,3.26,3.68,2.25,3.1,3.4,2.11,3.32,4.09,2.25,3.25,3.7
55099,"2017-10-21 00:00:00",Chelsea,Watford,8455,9817,"2017-10-22 00:00:00",1.36,5.25,10.0,1.35,5.0,9.25,1.35,5.3,8.0,1.36,4.8,9.0,1.4,5.08,8.95,1.36,5.0,9.0,1.37,5.35,9.6,1.36,5.25,9.5
55117,"2017-11-04 00:00:00",Southampton,Burnley,8466,8191,"2017-11-05 00:00:00",1.66,3.75,6.5,1.62,3.6,6.5,1.75,3.6,4.8,1.61,3.5,6.0,1.64,3.76,6.91,1.67,3.5,6.5,1.67,3.7,6.58,1.65,3.75,6.5
55132,"2018-03-03 00:00:00",Burnley,Everton,8191,8668,"2018-03-05 00:00:00",2.5,3.1,3.29,2.5,3.0,3.2,2.6,3.3,2.7,2.4,2.9,3.2,2.5,3.04,3.43,2.5,3.0,3.3,2.62,2.97,3.3,2.5,3.1,3.4
55139,"2017-12-09 00:00:00",Huddersfield,Brighton,9796,10204,"2017-12-10 00:00:00",2.7,3.1,3.0,2.55,3.0,3.1,2.6,3.2,2.8,2.55,2.9,3.0,2.69,3.02,3.15,2.62,2.9,3.0,2.73,2.91,3.22,2.7,3.0,3.13
55140,"2017-12-09 00:00:00","Crystal Palace",Bournemouth,9826,8678,"2017-12-10 00:00:00",2.04,3.5,4.0,2.0,3.4,3.9,2.1,3.3,3.6,2.0,3.25,3.8,2.04,3.47,4.16,1.91,3.4,4.0,1.97,3.62,4.23,2.1,3.5,3.7
55175,"2017-12-12 00:00:00",Huddersfield,Chelsea,9796,8455,"2017-12-13 00:00:00",9.0,4.5,1.44,8.5,4.33,1.42,7.5,4.8,1.4,8.5,4.4,1.44,8.36,4.68,1.46,9.0,4.6,1.4,9.21,4.48,1.45,8.5,4.6,1.45
55178,"2017-12-12 00:00:00","Crystal Palace",Watford,9826,9817,"2017-12-13 00:00:00",2.29,3.5,3.25,2.25,3.4,3.25,2.4,3.1,3.15,2.3,3.5,3.2,2.29,3.51,3.34,2.25,3.5,3.25,2.27,3.53,3.39,2.3,3.5,3.3
55186,"2017-08-12 00:00:00",Watford,Liverpool,9817,8650,"2017-08-13 00:00:00",6.0,4.2,1.62,6.0,4.2,1.55,5.5,4.0,1.6,5.8,4.0,1.57,5.74,4.29,1.63,5.5,3.8,1.62,6.88,4.27,1.56,6.0,4.0,1.65
55197,"2017-10-28 00:00:00",Liverpool,Huddersfield,8650,9796,"2017-10-30 00:00:00",1.25,6.75,13.0,1.22,6.5,12.5,1.25,6.0,11.0,1.25,5.8,12.0,1.25,6.7,14.0,1.25,6.5,12.0,1.25,6.7,14.0,1.25,6.5,13.0
55199,"2017-12-22 00:00:00",Arsenal,Liverpool,9825,8650,"2017-12-23 00:00:00",2.54,3.6,2.79,2.4,3.6,2.8,2.4,3.3,2.95,2.45,3.75,2.75,2.51,3.71,2.84,2.45,3.6,2.8,2.68,3.69,2.66,2.5,3.75,2.8
55205,"2017-12-23 00:00:00",Everton,Chelsea,8668,8455,"2017-12-23 00:00:00",6.0,3.89,1.66,6.0,3.75,1.62,4.8,3.9,1.7,5.75,3.7,1.61,5.96,3.98,1.67,5.5,3.8,1.67,7.16,4.13,1.56,6.25,3.9,1.65
55225,"2017-10-14 00:00:00","Crystal Palace",Chelsea,9826,8455,"2017-10-16 00:00:00",9.0,5.0,1.4,9.0,5.0,1.36,7.5,4.8,1.4,8.5,4.5,1.4,8.5,4.92,1.43,9.5,4.8,1.36,7.65,4.62,1.49,8.5,4.6,1.44
55232,"2017-12-30 00:00:00",Huddersfield,Burnley,9796,8191,"2018-01-01 00:00:00",2.37,3.1,3.5,2.3,3.1,3.4,2.6,3.1,2.9,2.3,2.9,3.4,2.32,3.16,3.67,2.38,2.9,3.4,2.44,3.03,3.58,2.4,3.0,3.6
55281,"2018-05-06 00:00:00",Arsenal,Burnley,9825,8191,"2018-05-10 00:00:00",1.57,4.2,6.5,1.53,4.2,6.25,1.5,4.2,6.5,1.53,4.2,5.8,1.57,4.35,6.47,1.57,3.75,7.0,1.47,4.79,7.45,1.55,4.33,6.5
55284,"2018-05-06 00:00:00",Chelsea,Liverpool,8455,8650,"2018-05-10 00:00:00",2.25,3.6,3.29,2.15,3.5,3.3,2.2,3.4,3.3,2.2,3.5,3.1,2.29,3.66,3.22,2.25,3.3,3.4,2.24,3.61,3.37,2.25,3.6,3.25
55294,"2018-01-20 00:00:00",Brighton,Chelsea,10204,8455,"2018-01-22 00:00:00",6.5,3.89,1.61,6.0,3.8,1.6,5.7,3.9,1.6,6.0,3.6,1.6,6.33,3.9,1.65,6.5,3.75,1.62,7.0,3.85,1.62,6.5,3.9,1.62
55305,"2018-01-13 00:00:00",Watford,Southampton,9817,8466,"2018-01-15 00:00:00",2.5,3.39,3.0,2.4,3.3,3.0,2.4,3.3,2.95,2.45,3.25,2.87,2.5,3.48,3.01,2.5,3.25,3.0,2.79,3.35,2.75,2.55,3.4,3.0
55306,"2018-01-13 00:00:00","Crystal Palace",Burnley,9826,8191,"2018-01-15 00:00:00",2.0,3.29,4.5,2.0,3.2,4.2,2.0,3.3,4.0,2.0,3.2,4.0,2.02,3.3,4.51,2.05,3.1,4.33,2.18,3.22,3.98,2.0,3.3,4.4
55315,"2017-09-09 00:00:00",Southampton,Watford,8466,9817,"2017-09-11 00:00:00",1.65,4.0,6.0,1.65,3.8,5.5,1.65,3.8,5.3,1.61,3.7,5.5,1.67,3.96,5.95,1.67,3.6,5.5,1.69,3.99,5.58,1.65,4.0,6.0
55330,"2017-08-26 00:00:00",Huddersfield,Southampton,9796,8466,"2017-08-27 00:00:00",3.9,3.4,2.1,3.9,3.2,2.1,3.15,3.3,2.3,3.75,3.2,2.05,4.01,3.45,2.08,3.8,3.1,2.1,4.21,3.48,2.02,4.0,3.3,2.1
55333,"2017-08-26 00:00:00",Watford,Brighton,9817,10204,"2017-08-27 00:00:00",1.91,3.4,4.0,1.9,3.5,4.25,1.85,3.5,4.3,1.95,3.25,4.2,1.99,3.37,4.5,1.95,3.25,4.2,2.23,3.23,3.81,2.0,3.4,4.33
55340,"2017-11-18 00:00:00","Crystal Palace",Everton,9826,8668,"2017-11-20 00:00:00",2.39,3.25,3.29,2.4,3.25,3.1,2.6,3.25,2.75,2.3,3.1,3.2,2.37,3.3,3.4,2.4,3.2,3.2,2.24,3.25,3.75,2.38,3.25,3.4
55347,"2017-11-18 00:00:00",Liverpool,Southampton,8650,8466,"2017-11-20 00:00:00",1.39,5.0,9.0,1.4,4.75,8.25,1.45,4.4,7.2,1.4,4.6,8.0,1.41,5.14,8.67,1.4,4.8,8.5,1.42,5.07,8.47,1.4,5.0,9.5
55358,"2017-08-19 00:00:00",Liverpool,"Crystal Palace",8650,9826,"2017-08-21 00:00:00",1.36,5.25,9.5,1.34,5.25,9.0,1.35,5.3,8.0,1.36,4.8,8.0,1.39,5.24,9.27,1.33,4.5,9.0,1.39,5.31,9.0,1.36,5.25,9.0
55373,"2017-09-16 00:00:00","Crystal Palace",Southampton,9826,8466,"2017-09-17 00:00:00",3.0,3.3,2.6,2.95,3.25,2.5,2.85,3.3,2.5,3.0,3.1,2.45,2.99,3.32,2.6,2.8,3.1,2.6,2.89,3.26,2.72,3.0,3.25,2.6
55378,"2017-09-15 00:00:00",Bournemouth,Brighton,8678,10204,"2017-09-17 00:00:00",2.15,3.4,3.8,2.1,3.3,3.7,2.2,3.35,3.3,2.15,3.2,3.4,2.17,3.44,3.74,2.1,3.3,3.8,2.17,3.41,3.76,2.15,3.4,3.75
55387,"2017-11-28 00:00:00",Brighton,"Crystal Palace",10204,9826,"2017-11-29 00:00:00",2.7,3.1,3.0,2.6,3.1,2.9,2.5,3.15,2.95,2.65,3.1,2.9,2.68,3.17,3.01,2.62,3.1,2.9,2.77,3.1,2.97,2.7,3.1,3.0
55389,"2018-01-01 00:00:00",Burnley,Liverpool,8191,8650,"2018-01-04 00:00:00",7.5,4.5,1.5,7.25,4.4,1.45,6.2,4.0,1.55,6.5,4.2,1.5,7.31,4.45,1.52,7.0,4.33,1.5,6.6,3.8,1.65,7.5,4.4,1.5
55399,"2018-01-30 00:00:00",Huddersfield,Liverpool,9796,8650,"2018-01-31 00:00:00",12.0,5.75,1.3,10.5,5.5,1.3,7.5,4.8,1.4,12.0,5.5,1.3,10.75,5.65,1.33,11.0,5.5,1.3,10.95,5.49,1.34,12.0,5.75,1.3
55408,"2018-01-31 00:00:00",Southampton,Brighton,8466,10204,"2018-01-31 00:00:00",1.75,3.5,6.0,1.75,3.4,5.5,1.8,3.6,4.5,1.75,3.3,5.25,1.77,3.48,5.99,1.75,3.3,6.0,1.85,3.42,5.27,1.75,3.5,5.75
55449,"2017-01-02 00:00:00",Sunderland,Liverpool,8472,8650,"2017-01-04 00:00:00",11.0,5.5,1.33,9.5,5.25,1.33,7.5,4.8,1.4,9.0,5.0,1.35,9.95,5.55,1.35,11.0,4.5,1.36,10.0,6.2,1.32,8.5,5.5,1.36
55455,"2017-01-02 00:00:00",Everton,Southampton,8668,8466,"2017-01-04 00:00:00",2.2,3.4,3.6,2.15,3.3,3.5,2.1,3.4,3.5,2.2,3.2,3.4,2.28,3.33,3.55,2.3,3.2,3.4,2.48,3.25,3.24,2.25,3.3,3.6
55462,"2016-12-26 00:00:00",Chelsea,Bournemouth,8455,8678,"2016-12-28 00:00:00",1.36,5.0,8.5,1.36,4.6,8.25,1.35,5.3,8.0,1.4,4.33,8.5,1.42,4.78,9.52,1.4,4.8,8.5,1.38,5.05,10.4,1.36,5.0,9.0
55468,"2016-12-26 00:00:00",Watford,"Crystal Palace",9817,9826,"2016-12-28 00:00:00",2.5,3.3,2.9,2.4,3.2,2.9,2.3,3.3,3.15,2.4,3.2,2.9,2.54,3.36,3.05,2.4,3.3,3.1,2.47,3.26,3.24,2.5,3.3,3.1
55492,"2016-11-05 00:00:00",Burnley,"Crystal Palace",8191,9826,"2016-11-06 00:00:00",3.3,3.3,2.38,3.2,3.25,2.35,2.95,3.3,2.4,3.25,3.25,2.38,3.42,3.37,2.32,3.3,3.1,2.4,3.6,3.27,2.29,3.5,3.3,2.3
55493,"2016-11-05 00:00:00",Chelsea,Everton,8455,8668,"2016-11-06 00:00:00",1.53,4.33,7.0,1.53,4.2,6.25,1.55,4.0,6.2,1.55,4.2,6.5,1.57,4.37,6.47,1.57,3.75,7.0,1.5,4.61,7.4,1.57,4.33,6.5
55496,"2016-11-05 00:00:00",Bournemouth,Sunderland,8678,8472,"2016-11-06 00:00:00",1.65,4.2,5.5,1.62,3.9,5.75,1.65,3.8,5.3,1.62,4.2,5.5,1.63,4.27,5.78,1.67,3.6,6.0,1.63,4.4,5.61,1.65,4.0,5.75
55500,"2016-10-01 00:00:00",Watford,Bournemouth,9817,8678,"2016-10-02 00:00:00",2.38,3.3,3.3,2.3,3.25,3.25,2.2,3.15,3.5,2.38,3.25,3.25,2.42,3.32,3.27,2.4,3.2,3.2,2.51,3.33,3.11,2.38,3.4,3.25
55506,"2016-09-30 00:00:00",Everton,"Crystal Palace",8668,9826,"2016-10-02 00:00:00",1.73,4.0,5.0,1.72,3.75,5.0,1.75,3.6,4.8,1.73,3.9,5.0,1.74,3.95,5.25,1.75,3.8,5.0,1.76,3.88,5.1,1.75,3.9,5.0
55521,"2016-12-14 00:00:00",Middlesbrough,Liverpool,8549,8650,"2016-12-14 00:00:00",6.0,4.33,1.6,6.0,4.1,1.57,5.5,4.0,1.6,5.75,4.0,1.57,6.48,4.28,1.58,6.0,4.0,1.6,5.53,3.91,1.71,6.25,4.3,1.57
55526,"2016-12-14 00:00:00",Sunderland,Chelsea,8472,8455,"2016-12-14 00:00:00",10.0,5.75,1.33,9.5,5.0,1.34,9.5,5.5,1.3,9.0,5.0,1.33,10.45,5.72,1.33,9.0,5.0,1.33,7.26,4.51,1.51,10.5,5.5,1.33
55528,"2016-12-13 00:00:00",Everton,Arsenal,8668,9825,"2016-12-14 00:00:00",4.2,3.75,1.91,4.25,3.7,1.9,4.1,3.5,1.9,4.25,3.6,1.91,4.28,3.77,1.92,4.2,3.6,1.91,4.14,3.78,1.94,4.2,3.8,1.91
55537,"2016-09-24 00:00:00",Sunderland,"Crystal Palace",8472,9826,"2016-09-26 00:00:00",2.88,3.25,2.7,2.8,3.2,2.6,2.7,3.3,2.6,2.88,3.25,2.62,2.88,3.3,2.7,2.8,3.2,2.7,2.51,3.31,3.13,2.88,3.3,2.7
55545,"2017-04-26 00:00:00",Middlesbrough,Sunderland,8549,8472,"2017-04-30 00:00:00",2.3,3.4,3.4,2.2,3.3,3.4,2.1,3.4,3.5,2.15,3.3,3.3,2.23,3.44,3.58,2.25,3.3,3.2,2.21,3.45,3.6,2.3,3.4,3.4
55556,"2016-12-17 00:00:00","Crystal Palace",Chelsea,9826,8455,"2016-12-19 00:00:00",6.5,4.2,1.57,6.0,4.1,1.57,6.5,4.2,1.5,6.0,4.0,1.62,5.85,4.3,1.62,6.5,3.75,1.62,6.85,4.44,1.54,5.75,4.3,1.62
55557,"2016-12-17 00:00:00",Sunderland,Watford,8472,9817,"2016-12-19 00:00:00",2.63,3.3,2.9,2.55,3.2,2.9,2.5,3.3,2.85,2.62,3.25,2.88,2.67,3.23,2.97,2.62,3.2,2.9,2.67,3.32,2.9,2.6,3.3,3.0
55562,"2016-08-13 00:00:00",Southampton,Watford,8466,9817,"2016-08-15 00:00:00",1.8,3.75,5.0,1.8,3.4,4.5,1.8,3.5,4.2,1.8,3.6,5.0,1.88,3.68,4.64,1.83,3.4,4.5,1.8,3.83,4.91,1.83,3.6,5.0
55569,"2016-10-29 00:00:00",Sunderland,Arsenal,8472,9825,"2016-10-31 00:00:00",9.0,5.0,1.4,8.0,5.25,1.4,7.5,4.8,1.4,8.0,5.0,1.4,8.25,5.1,1.42,8.5,4.8,1.4,8.14,4.87,1.44,8.5,5.2,1.4
55578,"2016-10-29 00:00:00",Middlesbrough,Bournemouth,8549,8678,"2016-10-31 00:00:00",2.5,3.2,3.2,2.45,3.1,3.1,2.5,3.1,3.0,2.5,3.1,3.2,2.57,3.15,3.19,2.6,3.0,3.1,2.52,3.13,3.29,2.5,3.2,3.2
55598,"2017-05-10 00:00:00",Southampton,Arsenal,8466,9825,"2017-05-13 00:00:00",3.6,3.8,2.05,3.5,3.75,2.0,3.7,3.5,2.0,3.4,3.5,2.0,3.69,3.75,2.07,3.6,3.6,2.0,3.3,3.77,2.21,3.6,3.8,2.05
55609,"2017-01-14 00:00:00",Watford,Middlesbrough,9817,8549,"2017-01-15 00:00:00",2.5,3.2,3.2,2.5,3.1,3.1,2.3,3.3,3.15,2.5,3.2,3.0,2.51,3.18,3.25,2.5,3.1,3.1,2.35,3.14,3.62,2.5,3.1,3.3
55620,"2017-05-21 00:00:00",Liverpool,Middlesbrough,8650,8549,"2017-05-21 00:00:00",1.14,9.0,23.0,1.11,9.25,26.0,1.15,7.5,18.0,1.11,8.5,23.0,1.14,9.31,27.82,1.1,9.0,26.0,1.15,10.5,19.09,1.11,9.0,31.0
55646,"2017-04-05 00:00:00",Liverpool,Bournemouth,8650,8678,"2017-04-08 00:00:00",1.36,5.25,9.5,1.36,5.25,8.25,1.3,5.5,9.5,1.36,5.0,8.0,1.4,5.31,8.45,1.36,5.0,9.0,1.44,4.85,8.4,1.36,5.25,9.0
55649,"2017-04-01 00:00:00",Watford,Sunderland,9817,8472,"2017-04-01 00:00:00",1.85,3.6,4.75,1.83,3.6,4.5,1.85,3.5,4.3,1.8,3.5,4.5,1.87,3.67,4.72,1.85,3.6,4.5,1.97,3.6,4.23,1.85,3.6,4.8
55652,"2017-04-01 00:00:00",Southampton,Bournemouth,8466,8678,"2017-04-05 00:00:00",1.65,4.0,6.0,1.62,3.9,5.75,1.6,3.9,5.7,1.62,3.8,5.25,1.67,4.13,5.57,1.62,4.2,5.5,1.67,4.13,5.55,1.62,4.0,5.75
55653,"2017-04-01 00:00:00",Liverpool,Everton,8650,8668,"2017-04-01 00:00:00",1.73,3.9,5.25,1.67,4.0,5.0,1.65,3.8,5.3,1.67,3.8,5.0,1.73,3.97,5.25,1.73,3.8,5.0,1.73,3.79,5.6,1.7,4.0,5.25
55670,"2017-02-04 00:00:00",Watford,Burnley,9817,8191,"2017-02-05 00:00:00",2.15,3.3,3.9,2.1,3.25,3.8,2.1,3.4,3.5,2.1,3.3,3.75,2.12,3.28,4.1,2.15,3.2,3.8,2.13,3.23,4.14,2.15,3.25,4.0
55677,"2017-02-04 00:00:00",Chelsea,Arsenal,8455,9825,"2017-02-05 00:00:00",1.95,3.6,4.2,1.95,3.5,4.0,2.1,3.4,3.5,1.95,3.6,4.0,1.94,3.58,4.42,2.0,3.3,4.2,2.08,3.36,4.13,1.95,3.6,4.3
55681,"2017-01-31 00:00:00",Bournemouth,"Crystal Palace",8678,9826,"2017-02-01 00:00:00",2.05,3.5,3.9,2.05,3.4,3.75,2.15,3.35,3.4,2.05,3.4,3.8,2.12,3.57,3.73,2.1,3.4,3.75,2.18,3.36,3.79,2.1,3.5,3.8
55697,"2016-09-10 00:00:00",Middlesbrough,"Crystal Palace",8549,9826,"2016-09-12 00:00:00",2.3,3.2,3.6,2.2,3.2,3.5,2.2,3.2,3.2,2.3,3.2,3.5,2.31,3.2,3.65,2.38,3.1,3.2,2.45,3.21,3.32,2.3,3.13,3.7
55702,"2016-12-10 00:00:00",Watford,Everton,9817,8668,"2016-12-11 00:00:00",3.1,3.4,2.45,3.0,3.3,2.4,2.95,3.3,2.4,3.0,3.4,2.45,3.15,3.39,2.45,3.0,3.3,2.5,3.38,3.39,2.33,3.1,3.3,2.5
55706,"2016-12-10 00:00:00",Burnley,Bournemouth,8191,8678,"2016-12-11 00:00:00",3.5,3.5,2.2,3.4,3.4,2.15,2.95,3.3,2.4,3.4,3.4,2.25,3.48,3.45,2.26,3.3,3.3,2.3,3.54,3.2,2.35,3.4,3.4,2.3
55710,"2016-08-27 00:00:00",Southampton,Sunderland,8466,8472,"2016-08-28 00:00:00",1.57,3.6,6.5,1.6,3.9,6.0,1.65,3.6,5.1,1.62,3.8,6.5,1.61,4.03,6.63,1.62,3.6,6.0,1.48,4.75,7.45,1.62,4.0,6.5
55716,"2016-08-27 00:00:00",Watford,Arsenal,9817,9825,"2016-08-28 00:00:00",5.0,3.75,1.73,5.0,3.75,1.72,4.5,3.5,1.75,5.0,3.75,1.75,5.47,3.91,1.72,4.6,3.75,1.73,6.0,4.16,1.63,5.25,3.9,1.73
55723,"2016-11-19 00:00:00",Southampton,Liverpool,8466,8650,"2016-11-21 00:00:00",3.4,3.6,2.2,3.3,3.5,2.15,3.8,3.4,2.0,3.3,3.5,2.25,3.32,3.56,2.28,3.4,3.4,2.2,3.19,3.47,2.39,3.4,3.4,2.3
55734,"2016-08-20 00:00:00",Burnley,Liverpool,8191,8650,"2016-08-21 00:00:00",6.5,4.2,1.57,6.5,4.0,1.55,5.6,3.9,1.55,6.5,4.1,1.57,7.12,4.2,1.56,7.0,3.5,1.57,7.26,4.54,1.51,7.0,4.2,1.55
55736,"2016-08-20 00:00:00",Watford,Chelsea,9817,8455,"2016-08-21 00:00:00",5.5,3.8,1.73,5.5,3.7,1.67,4.2,3.5,1.8,5.25,3.75,1.73,5.44,3.74,1.76,5.5,3.3,1.73,6.0,3.99,1.66,5.75,3.75,1.73
55746,"2016-11-26 00:00:00",Liverpool,Sunderland,8650,8472,"2016-11-27 00:00:00",1.17,8.5,19.0,1.17,7.5,15.5,1.2,6.5,15.0,1.17,8.0,17.0,1.19,8.68,16.06,1.2,7.0,17.0,1.19,9.0,15.0,1.18,8.0,18.0
55755,"2016-09-16 00:00:00",Chelsea,Liverpool,8455,8650,"2016-09-18 00:00:00",2.25,3.5,3.4,2.25,3.5,3.3,2.3,3.3,3.15,2.25,3.5,3.3,2.28,3.49,3.4,2.3,3.4,3.4,2.19,3.59,3.52,2.3,3.5,3.3
55773,"2017-01-21 00:00:00","Crystal Palace",Everton,9826,8668,"2017-01-22 00:00:00",3.25,3.4,2.38,3.0,3.4,2.35,3.3,3.35,2.2,3.1,3.4,2.4,3.19,3.45,2.4,3.2,3.2,2.4,3.02,3.31,2.58,3.2,3.4,2.4
55781,"2017-02-11 00:00:00",Middlesbrough,Everton,8549,8668,"2017-02-13 00:00:00",3.9,3.3,2.15,3.7,3.3,2.1,3.7,3.35,2.05,3.6,3.2,2.1,3.8,3.35,2.18,3.6,3.2,2.2,3.89,3.33,2.16,3.75,3.3,2.2
55788,"2017-02-11 00:00:00",Sunderland,Southampton,8472,8466,"2017-02-13 00:00:00",3.9,3.4,2.1,3.7,3.4,2.05,3.3,3.35,2.2,3.6,3.4,2.0,3.92,3.54,2.07,3.8,3.3,2.1,3.81,3.6,2.08,3.8,3.5,2.1
55794,"2018-04-21 00:00:00",Watford,"Crystal Palace",9817,9826,"2018-04-21 00:00:00",2.89,3.39,2.54,2.95,3.2,2.5,2.75,3.25,2.6,2.9,3.25,2.4,2.96,3.44,2.55,2.88,3.25,2.6,3.1,3.35,2.5,3.0,3.4,2.55
55796,"2018-05-09 00:00:00",Chelsea,Huddersfield,8455,9796,"2018-05-06 00:00:00",1.16,8.5,19.0,1.18,7.25,15.5,1.17,7.5,15.0,1.18,6.5,19.0,1.19,7.77,20.17,1.17,8.0,17.0,1.25,6.0,15.25,1.2,7.0,19.0
55801,"2018-04-14 00:00:00","Crystal Palace",Brighton,9826,10204,"2018-04-14 00:00:00",1.9,3.5,4.75,1.9,3.4,4.33,1.95,3.45,3.95,1.85,3.3,4.5,1.91,3.56,4.64,1.91,3.2,4.8,1.89,3.51,4.82,1.85,3.5,5.0
55802,"2018-04-14 00:00:00",Liverpool,Bournemouth,8650,8678,"2018-04-14 00:00:00",1.25,7.0,12.0,1.25,6.25,11.5,1.25,6.0,11.0,1.22,6.5,13.0,1.25,7.15,12.89,1.25,6.0,13.0,1.24,7.3,13.5,1.25,7.0,13.0
55808,"2018-04-07 00:00:00",Brighton,Huddersfield,10204,9796,"2018-04-07 00:00:00",1.85,3.5,5.0,1.85,3.4,4.75,1.83,3.6,4.3,1.83,3.25,4.6,1.88,3.48,4.95,1.85,3.3,5.0,1.76,3.7,5.46,1.85,3.4,5.2
55810,"2017-12-28 00:00:00","Crystal Palace",Arsenal,9826,9825,"2017-12-28 00:00:00",4.5,4.0,1.8,4.5,3.8,1.78,4.8,3.6,1.75,4.25,3.8,1.75,4.54,4.0,1.8,4.8,3.8,1.75,4.82,4.33,1.72,4.5,4.0,1.8
55811,"2017-12-26 00:00:00",Chelsea,Brighton,8455,10204,"2017-12-26 00:00:00",1.19,7.5,17.0,1.18,7.0,17.0,1.2,6.5,15.0,1.2,6.5,17.0,1.21,7.25,17.45,1.2,7.0,15.0,1.17,8.4,21.5,1.2,7.0,20.0
55818,"2017-12-17 00:00:00",Bournemouth,Liverpool,8678,8650,"2017-12-17 00:00:00",6.5,4.5,1.53,6.25,4.6,1.48,6.2,4.0,1.55,6.0,4.33,1.5,6.65,4.81,1.51,6.0,4.5,1.53,7.35,5.25,1.44,6.5,4.6,1.5
55819,"2018-02-11 00:00:00",Southampton,Liverpool,8466,8650,"2018-02-11 00:00:00",4.2,3.79,1.8,4.25,3.8,1.8,4.3,3.5,1.85,4.25,3.75,1.75,4.75,3.93,1.8,4.33,3.8,1.75,5.18,4.05,1.72,4.6,4.0,1.8
55821,"2018-02-11 00:00:00",Huddersfield,Bournemouth,9796,8678,"2018-02-10 00:00:00",3.25,3.2,2.25,3.4,3.1,2.3,2.65,3.3,2.65,3.2,3.1,2.35,3.3,3.22,2.46,3.25,3.1,2.3,3.14,3.39,2.45,3.4,3.2,2.38
55825,"2017-10-22 00:00:00",Everton,Arsenal,8668,9825,"2017-10-21 00:00:00",3.79,3.6,2.04,3.9,3.6,1.95,3.8,3.4,2.0,3.6,3.5,2.0,3.84,3.71,2.04,4.0,3.3,2.05,4.7,3.88,1.82,4.0,3.6,2.0
55830,"2017-11-05 00:00:00",Everton,Watford,8668,9817,"2017-11-05 00:00:00",2.2,3.39,3.6,2.1,3.4,3.6,2.1,3.4,3.5,2.15,3.25,3.4,2.21,3.38,3.67,2.15,3.3,3.6,2.27,3.3,3.61,2.15,3.4,3.7
55835,"2017-10-01 00:00:00",Arsenal,Brighton,9825,10204,"2017-09-30 00:00:00",1.2,6.5,13.0,1.22,6.0,12.0,1.25,6.5,10.0,1.25,5.8,13.0,1.27,6.65,12.35,1.22,6.0,13.0,1.26,6.65,13.5,1.25,6.5,12.0
55836,"2017-10-01 00:00:00",Everton,Burnley,8668,8191,"2017-10-01 00:00:00",1.67,3.6,5.75,1.62,3.7,5.5,1.7,3.7,5.0,1.67,3.6,5.5,1.68,3.81,6.2,1.62,3.6,6.0,1.71,3.77,5.75,1.67,3.75,6.0
55839,"2018-03-04 00:00:00",Brighton,Arsenal,10204,9825,"2018-03-03 00:00:00",4.2,3.79,1.9,4.1,3.7,1.85,4.4,3.7,1.8,3.8,3.5,1.91,4.04,3.7,1.99,4.0,3.75,1.91,4.25,3.7,1.94,4.0,3.7,2.0
55844,"2017-12-10 00:00:00",Liverpool,Everton,8650,8668,"2017-12-10 00:00:00",1.3,6.0,11.0,1.3,5.5,10.0,1.4,5.0,7.0,1.28,5.5,11.0,1.29,6.28,11.6,1.3,5.0,10.0,1.37,5.25,9.95,1.29,6.0,10.0
55846,"2017-12-09 00:00:00",Burnley,Watford,8191,9817,"2017-12-09 00:00:00",2.6,3.25,3.0,2.45,3.2,3.0,2.4,3.2,3.05,2.5,3.1,3.0,2.62,3.26,3.03,2.5,3.2,2.88,2.85,3.23,2.78,2.6,3.2,3.1
55847,"2017-12-10 00:00:00",Southampton,Arsenal,8466,9825,"2017-12-09 00:00:00",4.0,3.75,1.95,4.0,3.6,1.91,3.8,3.4,2.0,3.75,3.5,1.95,3.85,3.79,2.01,3.8,3.6,1.91,4.2,3.8,1.93,4.0,3.7,1.95
55850,"2017-09-23 00:00:00",Everton,Bournemouth,8668,8678,"2017-09-23 00:00:00",1.65,4.0,5.75,1.65,3.75,5.5,1.65,3.8,5.3,1.67,3.75,5.2,1.72,3.92,5.43,1.67,3.6,5.5,1.74,3.85,5.37,1.67,4.0,5.75
55852,"2017-09-23 00:00:00",Burnley,Huddersfield,8191,9796,"2017-09-23 00:00:00",2.15,3.25,3.9,2.15,3.1,3.75,2.2,3.25,3.4,2.15,3.1,3.6,2.21,3.23,3.89,2.1,3.1,3.8,2.41,3.16,3.46,2.2,3.25,3.8
55855,"2018-02-24 00:00:00",Watford,Everton,9817,8668,"2018-02-24 00:00:00",2.25,3.39,3.5,2.2,3.2,3.5,2.35,3.3,3.05,2.15,3.2,3.4,2.23,3.42,3.57,2.2,3.3,3.3,2.47,3.24,3.26,2.25,3.3,3.6
55866,"2017-08-12 00:00:00","Crystal Palace",Huddersfield,9826,9796,"2017-08-12 00:00:00",1.83,3.6,5.0,1.8,3.5,4.75,1.85,3.5,4.3,1.8,3.4,4.6,1.83,3.58,5.11,1.8,3.3,5.0,1.79,3.56,5.51,1.83,3.6,5.0
55868,"2017-08-12 00:00:00",Chelsea,Burnley,8455,8191,"2017-08-12 00:00:00",1.25,6.5,15.0,1.22,6.5,12.5,1.22,6.2,13.5,1.25,5.75,15.0,1.26,6.3,15.25,1.25,5.5,13.0,1.33,5.4,12.25,1.25,6.25,15.0
55869,"2017-10-29 00:00:00",Brighton,Southampton,10204,8466,"2017-10-28 00:00:00",3.29,3.2,2.45,3.1,3.1,2.45,2.85,3.3,2.5,3.2,3.0,2.37,3.35,3.23,2.43,3.25,3.2,2.38,3.42,3.29,2.36,3.3,3.13,2.45
55870,"2017-10-28 00:00:00",Bournemouth,Chelsea,8678,8455,"2017-10-28 00:00:00",6.0,4.2,1.61,5.25,4.2,1.62,5.7,3.9,1.6,5.0,4.0,1.61,5.59,4.29,1.65,5.5,4.2,1.62,6.2,4.4,1.58,5.4,4.3,1.65
55874,"2017-12-23 00:00:00",Brighton,Watford,10204,9817,"2017-12-23 00:00:00",2.62,3.2,3.0,2.55,3.1,3.0,2.6,3.05,2.9,2.55,3.1,2.87,2.67,3.2,3.0,2.62,3.1,3.0,2.71,3.2,2.95,2.7,3.2,2.9
55878,"2017-12-23 00:00:00",Southampton,Huddersfield,8466,9796,"2017-12-23 00:00:00",1.61,3.89,6.5,1.6,3.8,6.25,1.65,3.8,5.3,1.57,3.75,6.5,1.59,4.03,7.0,1.62,3.75,6.5,1.67,3.9,6.1,1.6,4.0,7.0
55881,"2018-02-03 00:00:00",Arsenal,Everton,9825,8668,"2018-02-03 00:00:00",1.3,5.75,12.0,1.3,5.25,10.5,1.35,5.3,8.0,1.3,5.25,11.0,1.32,5.85,10.95,1.33,5.0,11.0,1.37,5.45,9.5,1.3,5.75,11.0
55882,"2018-02-05 00:00:00",Watford,Chelsea,9817,8455,"2018-02-05 00:00:00",6.25,4.0,1.61,6.0,4.0,1.57,5.5,4.0,1.6,5.5,3.8,1.6,6.15,4.05,1.64,6.0,4.0,1.62,6.95,4.5,1.53,6.0,4.0,1.62
55884,"2017-10-14 00:00:00",Watford,Arsenal,9817,9825,"2017-10-14 00:00:00",5.25,4.33,1.65,5.25,4.1,1.62,4.6,3.7,1.75,5.0,4.0,1.6,5.49,4.37,1.64,5.5,4.2,1.62,5.0,4.2,1.72,5.5,4.4,1.62
55888,"2017-10-15 00:00:00",Brighton,Everton,10204,8668,"2017-10-14 00:00:00",3.25,3.3,2.4,3.2,3.2,2.35,2.95,3.3,2.4,3.2,3.0,2.4,3.22,3.18,2.53,3.25,3.2,2.38,3.24,3.15,2.57,3.3,3.1,2.5
55889,"2017-12-30 00:00:00",Bournemouth,Everton,8678,8668,"2017-12-30 00:00:00",2.37,3.29,3.29,2.35,3.2,3.2,2.45,3.3,2.9,2.3,3.2,3.2,2.33,3.38,3.39,2.4,3.2,3.0,2.36,3.13,3.6,2.38,3.3,3.3
55894,"2018-05-13 00:00:00",Huddersfield,Arsenal,9796,9825,"2018-05-13 00:00:00",6.0,4.33,1.6,5.5,4.33,1.57,5.0,4.0,1.65,5.25,4.2,1.57,5.88,4.48,1.58,5.5,4.2,1.6,5.7,4.74,1.56,6.0,4.4,1.57
55896,"2018-05-13 00:00:00",Liverpool,Brighton,8650,10204,"2018-05-13 00:00:00",1.19,8.0,15.0,1.16,8.0,16.5,1.15,7.5,18.0,1.18,7.0,13.0,1.21,7.65,15.44,1.2,6.5,17.0,1.22,7.12,14.03,1.17,8.0,19.0
55898,"2018-05-13 00:00:00",Burnley,Bournemouth,8191,8678,"2018-05-13 00:00:00",2.14,3.5,3.6,2.15,3.4,3.4,2.1,3.2,3.7,2.2,3.4,3.25,2.21,3.57,3.41,2.2,3.3,3.5,2.35,3.52,3.16,2.2,3.5,3.4
55900,"2018-04-28 00:00:00",Huddersfield,Everton,9796,8668,"2018-04-28 00:00:00",2.62,3.1,3.1,2.6,3.0,3.0,2.6,3.0,2.95,2.5,3.0,3.0,2.63,3.1,3.15,2.62,3.1,2.9,2.77,3.06,3.01,2.6,3.1,3.13
55901,"2018-04-28 00:00:00",Burnley,Brighton,8191,10204,"2018-04-28 00:00:00",2.25,3.2,3.7,2.15,3.1,3.8,2.1,3.2,3.7,2.2,3.0,3.5,2.28,3.2,3.71,2.2,3.1,3.75,2.32,3.18,3.63,2.25,3.2,3.75
55907,"2018-04-19 00:00:00",Burnley,Chelsea,8191,8455,"2018-04-18 00:00:00",4.0,3.39,1.9,4.1,3.5,1.91,3.8,3.4,2.0,4.33,3.3,1.86,4.64,3.55,1.91,4.33,3.4,1.91,4.58,3.59,1.91,4.75,3.5,1.87
55910,"2018-03-10 00:00:00",Everton,Brighton,8668,10204,"2018-03-10 00:00:00",2.2,3.2,3.89,2.2,3.1,3.7,2.1,3.2,3.75,2.15,3.1,3.6,2.22,3.24,3.83,2.2,3.1,3.75,2.25,3.32,3.64,2.2,3.25,3.8
55912,"2018-03-10 00:00:00",Chelsea,"Crystal Palace",8455,9826,"2018-03-10 00:00:00",1.3,5.75,12.0,1.3,5.5,10.5,1.33,5.3,8.7,1.28,5.25,11.0,1.3,6.0,11.65,1.3,5.5,11.0,1.29,5.85,13.0,1.29,5.75,13.0
55913,"2018-03-11 00:00:00",Arsenal,Watford,9825,9817,"2018-03-10 00:00:00",1.44,5.0,7.5,1.5,4.4,6.25,1.5,4.2,6.5,1.44,4.5,6.5,1.48,4.81,7.4,1.5,4.33,7.0,1.52,4.55,7.0,1.45,5.0,7.0
55923,"2018-01-20 00:00:00",Arsenal,"Crystal Palace",9825,9826,"2018-01-20 00:00:00",1.5,4.75,7.0,1.5,4.4,6.25,1.5,4.2,6.5,1.5,4.33,6.5,1.49,4.73,7.19,1.5,4.33,7.0,1.44,4.97,7.85,1.5,4.6,7.0
55925,"2018-01-14 00:00:00",Bournemouth,Arsenal,8678,9825,"2018-01-13 00:00:00",4.75,4.2,1.75,4.75,3.9,1.72,4.8,3.9,1.7,4.33,4.0,1.73,4.63,4.22,1.76,4.5,4.0,1.75,3.81,3.61,2.08,4.6,4.2,1.75
55929,"2017-09-09 00:00:00",Arsenal,Bournemouth,9825,8678,"2017-09-09 00:00:00",1.36,5.5,9.0,1.36,5.25,8.0,1.33,5.5,8.5,1.36,5.0,8.0,1.39,5.59,8.29,1.36,5.0,8.0,1.31,6.4,10.0,1.36,5.5,9.0
55930,"2017-09-10 00:00:00",Burnley,"Crystal Palace",8191,9826,"2017-09-09 00:00:00",2.3,3.25,3.5,2.3,3.2,3.3,2.5,3.3,2.85,2.3,3.1,3.3,2.36,3.23,3.48,2.38,3.1,3.2,2.2,3.36,3.73,2.38,3.2,3.4
55935,"2017-12-02 00:00:00",Everton,Huddersfield,8668,9796,"2017-12-02 00:00:00",1.72,3.79,5.5,1.7,3.7,5.25,1.7,3.7,5.0,1.7,3.5,5.2,1.72,3.82,5.63,1.73,3.5,5.5,1.86,3.52,5.01,1.67,3.8,6.0
55936,"2017-12-03 00:00:00",Bournemouth,Southampton,8678,8466,"2017-12-02 00:00:00",2.89,3.25,2.39,2.95,3.1,2.55,2.7,3.2,2.7,3.0,3.1,2.45,3.16,3.22,2.54,3.0,3.1,2.6,3.62,3.29,2.27,3.1,3.25,2.5
55937,"2017-12-02 00:00:00",Brighton,Liverpool,10204,8650,"2017-12-02 00:00:00",7.5,4.5,1.5,6.25,4.5,1.5,6.5,4.2,1.5,7.0,4.2,1.5,7.58,4.55,1.5,6.5,4.5,1.5,7.25,4.39,1.53,7.5,4.5,1.5
55940,"2017-08-27 00:00:00",Liverpool,Arsenal,8650,9825,"2017-08-27 00:00:00",2.15,3.7,3.5,2.15,3.4,3.4,2.1,3.4,3.5,2.1,3.6,3.2,2.16,3.72,3.46,2.2,3.25,3.4,2.21,3.67,3.25,2.2,3.7,3.3
55942,"2017-08-27 00:00:00",Chelsea,Everton,8455,8668,"2017-08-26 00:00:00",1.45,4.5,8.5,1.42,4.6,8.0,1.45,4.5,7.0,1.44,4.2,7.5,1.47,4.55,8.45,1.44,4.2,8.0,1.53,4.35,7.4,1.45,4.5,8.0
55946,"2017-11-18 00:00:00",Bournemouth,Huddersfield,8678,9796,"2017-11-18 00:00:00",1.83,3.5,5.25,1.83,3.4,4.75,2.0,3.4,3.8,1.8,3.4,4.75,1.84,3.49,5.23,1.85,3.3,5.0,1.81,3.66,5.16,1.83,3.6,5.0
55952,"2017-08-19 00:00:00",Bournemouth,Watford,8678,9817,"2017-08-19 00:00:00",2.0,3.6,4.0,1.95,3.5,4.0,1.9,3.5,4.1,1.95,3.5,3.8,1.98,3.63,4.16,1.95,3.4,4.0,2.1,3.52,3.84,2.0,3.6,4.0
55954,"2017-11-26 00:00:00",Southampton,Everton,8466,8668,"2017-11-25 00:00:00",1.9,3.39,4.75,1.83,3.5,4.6,2.0,3.4,3.8,1.83,3.3,4.6,1.88,3.49,4.98,1.91,3.3,4.5,1.81,3.72,5.0,1.83,3.5,5.2
55955,"2017-11-26 00:00:00",Burnley,Arsenal,8191,9825,"2017-11-26 00:00:00",6.5,4.5,1.53,5.75,4.4,1.55,5.7,3.9,1.6,5.75,4.0,1.57,5.89,4.47,1.6,6.0,4.2,1.57,6.25,4.2,1.61,6.25,4.33,1.57
55958,"2017-11-25 00:00:00",Liverpool,Chelsea,8650,8455,"2017-11-25 00:00:00",2.14,3.6,3.5,2.15,3.5,3.3,2.2,3.3,3.4,2.05,3.6,3.3,2.12,3.68,3.62,2.15,3.3,3.6,2.21,3.59,3.45,2.15,3.6,3.5
55961,"2017-09-17 00:00:00",Chelsea,Arsenal,8455,9825,"2017-09-16 00:00:00",1.8,4.0,4.5,1.75,4.0,4.4,1.85,3.5,4.3,1.75,3.8,4.25,1.81,4.02,4.57,1.8,3.5,4.5,1.77,3.99,4.88,1.8,4.0,4.5
55962,"2017-09-16 00:00:00",Liverpool,Burnley,8650,8191,"2017-09-16 00:00:00",1.29,6.0,13.0,1.26,5.75,12.0,1.3,5.5,9.5,1.25,5.75,12.0,1.27,6.3,13.45,1.29,5.0,12.0,1.26,6.6,13.0,1.25,6.0,13.0
55967,"2017-11-29 00:00:00",Bournemouth,Burnley,8678,8191,"2017-11-28 00:00:00",2.0,3.39,4.33,2.0,3.3,4.1,2.1,3.3,3.6,1.95,3.25,4.0,2.0,3.39,4.47,1.95,3.4,4.2,2.21,3.22,3.88,2.0,3.4,4.33
55968,"2017-11-29 00:00:00",Arsenal,Huddersfield,9825,9796,"2017-11-28 00:00:00",1.19,7.5,17.0,1.18,7.0,17.0,1.2,6.5,15.0,1.2,6.5,15.0,1.23,7.23,14.43,1.2,7.0,15.0,1.18,8.3,18.5,1.2,7.0,19.0
55969,"2018-01-01 00:00:00",Brighton,Bournemouth,10204,8678,"2018-01-01 00:00:00",2.37,3.2,3.39,2.35,3.1,3.3,2.3,3.15,3.3,2.35,3.0,3.25,2.46,3.11,3.44,2.4,3.1,3.3,2.47,3.05,3.48,2.45,3.13,3.4
55970,"2018-01-03 00:00:00",Arsenal,Chelsea,9825,8455,"2018-01-02 00:00:00",2.6,3.39,2.6,2.7,3.4,2.6,2.6,3.3,2.75,2.62,3.5,2.5,2.8,3.51,2.64,2.7,3.3,2.7,3.32,3.42,2.34,2.75,3.5,2.63
55972,"2018-01-02 00:00:00",Southampton,"Crystal Palace",8466,9826,"2018-01-01 00:00:00",1.9,3.39,4.0,1.91,3.5,4.1,2.1,3.4,3.5,1.91,3.4,4.2,2.05,3.43,4.16,1.95,3.4,4.2,2.07,3.37,4.16,2.0,3.5,4.0
55977,"2018-01-31 00:00:00",Chelsea,Bournemouth,8455,8678,"2018-01-31 00:00:00",1.28,6.5,11.0,1.26,6.0,11.0,1.27,5.8,10.5,1.28,5.5,11.0,1.3,6.14,11.24,1.29,6.0,11.0,1.37,5.25,10.11,1.29,6.0,12.0
55980,"2017-04-08 00:00:00",Middlesbrough,Burnley,8549,8191,"2017-04-08 00:00:00",2.45,3.1,3.4,2.4,3.1,3.2,2.5,3.3,2.85,2.38,3.0,3.25,2.42,3.15,3.45,2.4,3.0,3.2,2.64,3.04,3.2,2.45,3.13,3.4
55982,"2017-04-08 00:00:00",Bournemouth,Chelsea,8678,8455,"2017-04-08 00:00:00",6.5,4.0,1.6,6.25,4.1,1.55,6.2,4.0,1.55,5.75,4.0,1.57,6.35,4.26,1.59,6.0,3.6,1.62,6.85,4.5,1.53,6.5,4.2,1.57
55984,"2017-04-29 00:00:00","Crystal Palace",Burnley,9826,8191,"2017-04-29 00:00:00",1.75,3.5,4.75,1.75,3.5,4.75,1.8,3.6,4.5,1.83,3.6,4.6,1.8,3.63,5.02,1.83,3.5,4.4,1.86,3.44,5.18,1.8,3.6,5.0
55988,"2017-04-29 00:00:00",Sunderland,Bournemouth,8472,8678,"2017-04-26 00:00:00",3.0,3.4,2.3,2.8,3.5,2.35,3.05,3.4,2.3,3.0,3.5,2.4,3.02,3.6,2.37,2.9,3.4,2.38,3.33,3.68,2.23,3.0,3.6,2.45
55989,"2017-04-23 00:00:00",Liverpool,"Crystal Palace",8650,9826,"2017-04-23 00:00:00",1.5,4.75,7.0,1.48,4.33,7.0,1.45,4.4,7.2,1.48,4.5,6.5,1.5,4.91,6.63,1.5,4.0,7.0,1.5,4.5,7.6,1.45,4.75,7.5
55994,"2017-04-25 00:00:00",Chelsea,Southampton,8455,8466,"2017-04-25 00:00:00",1.45,4.6,8.5,1.42,4.5,8.0,1.45,4.4,7.2,1.4,4.33,7.5,1.44,4.72,8.66,1.44,4.33,8.0,1.46,4.8,7.88,1.45,4.6,8.0
55995,"2017-05-16 00:00:00",Arsenal,Sunderland,9825,8472,"2017-05-14 00:00:00",1.09,13.0,29.0,1.09,11.0,23.0,1.12,9.0,20.0,1.1,9.5,29.0,1.1,13.62,28.49,1.1,9.0,26.0,1.12,12.0,23.5,1.11,11.5,26.0
55996,"2017-04-22 00:00:00",Bournemouth,Middlesbrough,8678,8549,"2017-04-22 00:00:00",1.85,3.75,4.5,1.87,3.6,4.25,1.85,3.6,4.2,1.85,3.6,4.0,1.93,3.79,4.24,1.83,3.4,4.5,1.9,3.76,4.37,1.87,3.75,4.5
55998,"2017-04-15 00:00:00",Everton,Burnley,8668,8191,"2017-04-15 00:00:00",1.4,4.5,8.0,1.45,4.25,6.75,1.45,4.5,7.0,1.4,4.33,8.0,1.43,4.82,8.67,1.44,4.33,7.5,1.52,4.25,7.9,1.45,4.6,8.5
56004,"2017-01-03 00:00:00",Bournemouth,Arsenal,8678,9825,"2017-01-02 00:00:00",4.33,3.4,1.85,4.4,3.7,1.8,4.5,3.6,1.8,4.2,3.75,1.8,4.52,3.87,1.85,5.0,3.4,1.83,5.45,4.3,1.65,4.6,3.8,1.83
56007,"2016-12-26 00:00:00",Burnley,Middlesbrough,8191,8549,"2016-12-26 00:00:00",2.9,3.1,2.6,2.85,3.1,2.55,2.75,3.2,2.65,2.9,3.0,2.5,3.06,3.18,2.64,3.0,3.1,2.62,2.97,3.18,2.71,3.0,3.1,2.7
56020,"2016-10-22 00:00:00",Burnley,Everton,8191,8668,"2016-10-22 00:00:00",6.0,3.8,1.67,6.0,3.8,1.62,4.8,3.6,1.75,6.0,3.75,1.67,6.05,3.87,1.68,6.0,3.6,1.67,5.9,3.73,1.71,6.25,3.8,1.67
56021,"2016-10-22 00:00:00",Arsenal,Middlesbrough,9825,8549,"2016-10-22 00:00:00",1.25,6.5,15.0,1.25,6.0,12.0,1.25,6.0,11.0,1.25,6.0,13.0,1.27,6.28,13.55,1.25,6.0,13.0,1.27,6.3,13.0,1.22,6.25,12.0
56026,"2016-11-06 00:00:00",Liverpool,Watford,8650,9817,"2016-11-05 00:00:00",1.29,6.0,12.0,1.26,6.0,11.0,1.3,5.5,9.5,1.29,6.0,11.0,1.29,6.19,11.8,1.3,5.0,13.0,1.29,6.3,11.95,1.29,6.25,13.0
56030,"2016-10-02 00:00:00",Burnley,Arsenal,8191,9825,"2016-10-02 00:00:00",9.0,5.0,1.4,8.5,5.0,1.36,7.5,4.8,1.4,9.0,4.75,1.4,10.17,5.13,1.38,9.5,4.5,1.4,9.5,5.38,1.37,10.0,5.0,1.36
56033,"2017-03-18 00:00:00","Crystal Palace",Watford,9826,9817,"2017-03-18 00:00:00",1.91,3.5,4.75,1.9,3.5,4.2,2.0,3.4,3.8,1.91,3.3,4.33,1.94,3.45,4.63,1.91,3.4,4.5,1.94,3.43,4.67,1.95,3.5,4.5
56042,"2016-09-24 00:00:00",Bournemouth,Everton,8678,8668,"2016-09-24 00:00:00",3.6,3.5,2.15,3.6,3.4,2.1,3.5,3.4,2.1,3.6,3.4,2.15,3.79,3.57,2.1,3.6,3.4,2.15,3.33,3.46,2.32,3.6,3.5,2.15
56043,"2016-09-24 00:00:00",Arsenal,Chelsea,9825,8455,"2016-09-24 00:00:00",2.4,3.5,3.1,2.4,3.4,3.1,2.35,3.3,3.05,2.4,3.4,3.1,2.35,3.53,3.21,2.4,3.2,3.2,2.48,3.49,3.02,2.38,3.6,3.13
56045,"2016-09-26 00:00:00",Burnley,Watford,8191,9817,"2016-09-26 00:00:00",2.9,3.2,2.7,2.9,3.2,2.65,2.65,3.3,2.65,2.9,3.2,2.62,3.09,3.21,2.59,2.75,3.25,2.7,3.4,3.23,2.4,3.0,3.2,2.6
56047,"2017-05-15 00:00:00",Chelsea,Watford,8455,9817,"2017-05-13 00:00:00",1.25,6.75,13.0,1.25,6.5,10.0,1.33,5.5,8.0,1.25,6.5,13.0,1.25,6.85,13.5,1.25,6.0,11.0,1.29,6.56,10.5,1.22,6.5,13.0
56051,"2016-12-19 00:00:00",Everton,Liverpool,8668,8650,"2016-12-19 00:00:00",4.2,3.6,1.95,4.1,3.6,1.9,3.8,3.4,2.0,4.0,3.6,1.95,4.27,3.85,1.9,4.2,3.5,1.95,3.99,3.4,2.1,4.2,3.75,1.9
56054,"2016-12-18 00:00:00",Bournemouth,Southampton,8678,8466,"2016-12-17 00:00:00",3.0,3.3,2.6,2.85,3.25,2.55,2.65,3.3,2.65,2.9,3.2,2.62,2.95,3.23,2.69,2.9,3.2,2.62,2.97,3.26,2.65,2.9,3.3,2.63
56058,"2016-08-14 00:00:00",Arsenal,Liverpool,9825,8650,"2016-08-14 00:00:00",2.4,3.5,3.1,2.35,3.3,2.9,2.3,3.3,2.9,2.38,3.4,3.1,2.41,3.53,3.1,2.5,3.1,3.0,2.8,3.44,2.68,2.4,3.5,3.1
56061,"2016-10-29 00:00:00","Crystal Palace",Liverpool,9826,8650,"2016-10-29 00:00:00",5.25,4.0,1.7,5.0,4.0,1.72,4.8,3.6,1.75,4.75,4.0,1.75,4.9,3.92,1.78,5.0,3.8,1.75,4.8,4.08,1.76,5.0,3.9,1.75
56064,"2016-10-30 00:00:00",Southampton,Chelsea,8466,8455,"2016-10-30 00:00:00",3.2,3.4,2.4,3.1,3.4,2.4,3.3,3.35,2.2,3.0,3.4,2.45,3.2,3.37,2.43,3.2,3.2,2.4,3.24,3.39,2.4,3.1,3.3,2.45
56069,"2016-12-31 00:00:00",Burnley,Sunderland,8191,8472,"2016-12-31 00:00:00",2.4,3.25,3.3,2.35,3.2,3.2,2.4,3.3,2.95,2.38,3.2,3.25,2.38,3.26,3.41,2.4,3.2,3.2,2.33,3.36,3.41,2.4,3.3,3.3
56070,"2017-01-01 00:00:00",Arsenal,"Crystal Palace",9825,9826,"2017-01-01 00:00:00",1.29,5.5,9.5,1.3,5.5,9.75,1.3,5.5,9.5,1.33,5.5,9.0,1.34,5.6,10.4,1.33,5.5,9.0,1.37,5.5,9.2,1.33,5.5,10.5
56077,"2016-10-16 00:00:00",Southampton,Burnley,8466,8191,"2016-10-16 00:00:00",1.4,4.8,9.5,1.4,4.5,9.0,1.4,4.8,7.5,1.4,4.75,9.0,1.39,4.89,10.41,1.4,4.5,10.0,1.35,5.3,10.85,1.36,4.8,10.5
56078,"2016-10-16 00:00:00",Middlesbrough,Watford,8549,9817,"2016-10-15 00:00:00",2.25,3.3,3.6,2.2,3.1,3.6,2.3,3.3,3.15,2.2,3.25,3.6,2.33,3.27,3.51,2.3,3.1,3.6,2.26,3.27,3.67,2.3,3.2,3.6
56082,"2017-01-14 00:00:00",Burnley,Southampton,8191,8466,"2017-01-14 00:00:00",3.6,3.4,2.2,3.5,3.25,2.2,3.2,3.35,2.25,3.4,3.25,2.25,3.75,3.35,2.2,3.5,3.2,2.25,4.33,3.45,2.0,3.5,3.3,2.2
56086,"2017-05-21 00:00:00",Chelsea,Sunderland,8455,8472,"2017-05-21 00:00:00",1.14,9.0,23.0,1.15,8.25,16.5,1.2,6.5,15.0,1.13,7.5,17.0,1.16,9.01,21.02,1.15,7.5,17.0,1.12,11.5,25.5,1.13,9.0,26.0
56088,"2017-05-21 00:00:00",Arsenal,Everton,9825,8668,"2017-05-21 00:00:00",1.45,5.0,7.5,1.42,4.6,7.5,1.45,4.5,7.0,1.36,4.8,7.0,1.42,5.29,7.75,1.4,5.0,7.0,1.38,6.05,7.57,1.36,5.2,8.0
56096,"2017-04-05 00:00:00",Southampton,"Crystal Palace",8466,9826,"2017-04-04 00:00:00",1.83,3.7,4.75,1.8,3.5,4.75,1.8,3.6,4.5,1.8,3.5,4.5,1.84,3.7,4.86,1.83,3.5,4.8,1.86,3.61,4.84,1.85,3.6,4.8
56101,"2017-04-01 00:00:00",Chelsea,"Crystal Palace",8455,9826,"2017-04-01 00:00:00",1.3,5.75,12.0,1.26,5.75,11.5,1.25,6.0,11.0,1.29,5.25,12.0,1.3,5.9,12.0,1.29,5.5,12.0,1.36,5.25,10.8,1.29,5.75,13.0
56104,"2017-05-13 00:00:00",Middlesbrough,Southampton,8549,8466,"2017-05-13 00:00:00",4.0,3.6,2.0,3.8,3.5,2.0,4.1,3.5,1.9,3.8,3.3,2.0,3.91,3.68,2.03,3.6,3.4,2.05,3.92,3.42,2.12,4.0,3.5,2.05
56110,"2017-02-04 00:00:00",Everton,Bournemouth,8668,8678,"2017-02-04 00:00:00",1.7,4.0,5.25,1.7,3.8,5.0,1.7,3.7,5.0,1.7,3.9,5.2,1.74,4.0,5.14,1.73,3.6,5.5,1.7,4.03,5.41,1.7,4.0,5.4
56113,"2017-02-04 00:00:00","Crystal Palace",Sunderland,9826,8472,"2017-02-04 00:00:00",1.7,3.9,5.5,1.67,3.8,5.25,1.75,3.6,4.8,1.7,3.7,5.5,1.73,3.91,5.37,1.67,3.8,5.5,1.7,3.82,5.81,1.7,3.8,5.75
56116,"2017-01-31 00:00:00",Arsenal,Watford,9825,9817,"2017-01-31 00:00:00",1.22,7.0,15.0,1.22,6.5,13.0,1.22,6.5,12.5,1.22,6.5,13.0,1.24,6.92,14.64,1.25,6.0,13.0,1.23,7.28,14.2,1.22,7.0,15.0
56118,"2017-01-31 00:00:00",Liverpool,Chelsea,8650,8455,"2017-01-31 00:00:00",2.65,3.25,2.9,2.6,3.3,2.9,2.6,3.2,2.8,2.6,3.25,2.9,2.63,3.33,2.95,2.6,3.2,3.0,2.58,3.2,3.12,2.63,3.3,2.88
56119,"2016-09-12 00:00:00",Sunderland,Everton,8472,8668,"2016-09-12 00:00:00",3.8,3.5,2.1,3.8,3.5,2.1,3.3,3.3,2.1,3.8,3.4,2.1,3.75,3.6,2.1,3.75,3.2,2.1,3.67,3.51,2.16,3.7,3.4,2.15
56121,"2016-09-10 00:00:00",Arsenal,Southampton,9825,8466,"2016-09-10 00:00:00",1.57,4.2,6.5,1.55,4.2,6.0,1.55,3.9,5.6,1.57,4.2,6.5,1.6,4.35,6.15,1.62,3.5,6.5,1.63,4.17,6.05,1.57,4.33,6.5
56128,"2016-12-11 00:00:00",Southampton,Middlesbrough,8466,8549,"2016-12-10 00:00:00",1.7,3.7,6.0,1.65,3.7,5.75,1.7,3.7,5.0,1.67,3.75,6.0,1.68,3.68,6.42,1.73,3.4,6.0,1.63,3.76,7.2,1.7,3.6,6.25
56132,"2016-08-27 00:00:00","Crystal Palace",Bournemouth,9826,8678,"2016-08-27 00:00:00",2.3,3.2,3.3,2.35,3.2,3.2,2.4,3.3,2.75,2.38,3.25,3.25,2.33,3.38,3.39,2.38,3.2,3.1,2.23,3.36,3.64,2.38,3.3,3.4
56133,"2016-08-27 00:00:00",Chelsea,Burnley,8455,8191,"2016-08-27 00:00:00",1.25,5.5,15.0,1.25,6.0,12.0,1.25,5.5,10.3,1.29,5.5,13.0,1.26,6.35,14.35,1.29,5.0,12.0,1.25,6.6,15.24,1.25,6.0,15.0
56136,"2016-11-20 00:00:00",Middlesbrough,Chelsea,8549,8455,"2016-11-19 00:00:00",7.0,4.0,1.57,6.25,4.1,1.55,6.5,4.2,1.5,6.5,4.1,1.57,6.83,4.28,1.56,6.5,4.0,1.57,6.95,4.66,1.51,6.5,4.2,1.57
56141,"2016-08-21 00:00:00",Sunderland,Middlesbrough,8472,8549,"2016-08-20 00:00:00",2.55,3.2,3.1,2.5,3.1,3.1,2.3,3.2,3.0,2.5,3.2,3.1,2.61,3.22,3.06,2.6,3.2,2.75,2.79,3.1,2.94,2.63,3.13,3.1
56144,"2016-11-27 00:00:00",Southampton,Everton,8466,8668,"2016-11-27 00:00:00",2.2,3.4,3.6,2.1,3.3,3.7,2.1,3.4,3.5,2.15,3.4,3.6,2.19,3.35,3.78,2.2,3.2,3.6,2.15,3.47,3.74,2.2,3.3,3.7
56148,"2016-11-27 00:00:00",Arsenal,Bournemouth,9825,8678,"2016-11-26 00:00:00",1.4,5.0,9.0,1.42,4.75,7.5,1.35,5.3,8.0,1.4,5.0,8.0,1.43,5.04,8.05,1.4,4.8,8.5,1.34,5.64,10.1,1.44,5.0,8.0
56150,"2016-09-17 00:00:00",Everton,Middlesbrough,8668,8549,"2016-09-17 00:00:00",1.67,3.8,6.0,1.65,3.8,5.5,1.7,3.7,5.0,1.65,3.8,6.0,1.65,3.99,6.19,1.7,3.2,6.0,1.65,3.89,6.35,1.65,4.0,6.0
56155,"2016-12-04 00:00:00",Bournemouth,Liverpool,8678,8650,"2016-12-03 00:00:00",5.0,4.0,1.75,5.0,3.8,1.7,4.8,3.6,1.75,4.6,4.0,1.75,4.63,4.01,1.8,4.8,3.8,1.75,5.02,4.05,1.74,4.6,4.0,1.8
56156,"2016-12-03 00:00:00","Crystal Palace",Southampton,9826,8466,"2016-12-03 00:00:00",3.5,3.3,2.3,3.2,3.4,2.25,2.95,3.3,2.4,3.4,3.3,2.25,3.58,3.39,2.24,3.4,3.2,2.3,3.66,3.42,2.2,3.5,3.4,2.25
56159,"2017-01-21 00:00:00",Bournemouth,Watford,8678,9817,"2017-01-21 00:00:00",1.83,3.75,4.75,1.8,3.7,4.4,1.9,3.5,4.1,1.85,3.6,4.5,1.84,3.77,4.73,1.85,3.6,4.5,1.92,3.66,4.43,1.85,3.75,4.6
56160,"2017-01-22 00:00:00",Arsenal,Burnley,9825,8191,"2017-01-22 00:00:00",1.2,7.5,17.0,1.18,7.5,14.5,1.22,6.2,13.5,1.2,7.0,15.0,1.22,7.35,15.7,1.2,7.0,15.0,1.21,7.55,17.0,1.2,7.0,18.0
56167,"2017-02-12 00:00:00",Burnley,Chelsea,8191,8455,"2017-02-11 00:00:00",9.0,5.0,1.4,7.75,4.6,1.42,7.5,4.8,1.4,8.0,4.33,1.4,8.59,4.73,1.44,8.0,4.5,1.44,8.2,4.44,1.49,9.0,4.75,1.4
